{
	"input" : 
	[
		{
			"bitw" : 8,
			"ch_dim" : 1,
			"data_format" : "4W4C8B",
			"name" : "input",
			"ndim" : 4,
			"onnx_shape" : 
			[
				1,
				4,
				256,
				256
			],
			"radix" : 
			[
				7,
				7,
				7,
				7
			],
			"scale" : 
			[
				1.0,
				1.0,
				1.0,
				1.0
			],
			"shape" : 
			[
				1,
				4,
				256,
				256
			],
			"stride" : 
			[
				262144,
				4294901760,
				4294967040,
				4294967295
			]
		}
	],
	"output" : 
	[
		{
			"bitw" : 8,
			"ch_dim" : 1,
			"data_format" : "16W1C8B",
			"name" : "output",
			"ndim" : 4,
			"onnx_shape" : 
			[
				1,
				3,
				256,
				256
			],
			"radix" : 
			[
				7,
				7,
				7
			],
			"scale" : 
			[
				1.0099219083786011,
				1.0099219083786011,
				1.0099219083786011
			],
			"shape" : 
			[
				1,
				3,
				256,
				256
			],
			"stride" : 
			[
				196608,
				4294901760,
				4294967040,
				4294967295
			]
		}
	]
}